game,index,music_no,title,file,name_src,start,intro_bytes,total_bytes,loop_start,loop_end,loop_bytes,intro_sec,total_sec,loop_sec,rate,ch,bits,title_note
th06,1,1,赤より紅い夢,th06_01.wav,musiccmt,122,1058460,10445460,1058582,10445582,9387000,6.0,59.215,53.214,44100,2,16,
th06,2,2,ほおずきみたいに紅い魂,th06_02.wav,musiccmt,132,3663360,15341096,3663492,15341228,11677736,20.767,86.968,66.2,44100,2,16,
th06,3,3,妖魔夜行,th06_03.wav,musiccmt,118,507088,9789608,507206,9789726,9282520,2.875,55.497,52.622,44100,2,16,
th06,4,4,ルーネイトエルフ,th06_04.wav,musiccmt,126,1215688,15436956,1215814,15437082,14221268,6.892,87.511,80.619,44100,2,16,
th06,5,5,おてんば恋娘,th06_05.wav,musiccmt,122,1021548,15796112,1021670,15796234,14774564,5.791,89.547,83.756,44100,2,16,
th06,6,6,上海紅茶館　～ Chinese Tea,th06_06.wav,musiccmt,136,7936500,24667144,7936636,24667280,16730644,44.991,139.836,94.845,44100,2,16,
th06,7,7,明治十七年の上海アリス,th06_07.wav,musiccmt,132,4152156,18562632,4152288,18562764,14410476,23.538,105.23,81.692,44100,2,16,
th06,8,8,ヴワル魔法図書館,th06_08.wav,musiccmt,126,731204,19541592,731330,19541718,18810388,4.145,110.78,106.635,44100,2,16,
th06,9,9,ラクトガール　～ 少女密室,th06_09.wav,musiccmt,134,5184040,20805540,5184174,20805674,15621500,29.388,117.945,88.557,44100,2,16,
th06,10,10,メイドと血の懐中時計,th06_10.wav,musiccmt,130,3620520,28737988,3620650,28738118,25117468,20.524,162.914,142.389,44100,2,16,
th06,11,11,月時計　～ ルナ・ダイアル,th06_11.wav,musiccmt,166,957764,14877112,957930,14877278,13919348,5.43,84.337,78.908,44100,2,16,
th06,12,12,ツェペシュの幼き末裔,th06_12.wav,musiccmt,130,663980,10434444,664110,10434574,9770464,3.764,59.152,55.388,44100,2,16,
th06,13,13,亡き王女の為のセプテット,th06_13.wav,musiccmt,134,5856672,24841132,5856806,24841266,18984460,33.201,140.823,107.622,44100,2,16,
th06,14,14,魔法少女達の百年祭,th06_14.wav,musiccmt,128,6324868,27044176,6324996,27044304,20719308,35.855,153.312,117.456,44100,2,16,
th06,15,15,U.N.オーエンは彼女なのか？,th06_15.wav,musiccmt,136,788508,22304704,788644,22304840,21516196,4.47,126.444,121.974,44100,2,16,
th06,16,16,紅より儚い永遠,th06_16.wav,musiccmt,124,1600876,9910932,1601000,9911056,8310056,9.075,56.184,47.109,44100,2,16,
th06,17,17,紅楼　～ Eastern Dream...,th06_17.wav,musiccmt,134,958028,18678404,958162,18678538,17720376,5.431,105.887,100.456,44100,2,16,
th07,1,1,妖々夢　～ Snow or Cherry Petal,th07_01.wav,musiccmt,16,1217280,16545568,1217296,16545584,15328288,6.901,93.796,86.895,44100,2,16,
th07,2,2,無何有の郷　～ Deep Mountain,th07_02.wav,musiccmt,16545584,2858880,15499264,19404464,32044848,12640384,16.207,87.864,71.658,44100,2,16,
th07,3,3,クリスタライズシルバー,th07_03.wav,musiccmt,32044848,1912480,12287996,33957328,44332844,10375516,10.842,69.66,58.818,44100,2,16,
th07,4,4,遠野幻想物語,th07_04.wav,musiccmt,44332844,4222040,24640140,48554884,68972984,20418100,23.934,139.683,115.749,44100,2,16,
th07,5,5,ティアオイエツォン(withered leaf),th07_05.wav,musiccmt,68972984,646696,9926136,69619680,78899120,9279440,3.666,56.271,52.605,44100,2,16,
th07,6,6,ブクレシュティの人形師,th07_06.wav,musiccmt,78899120,1404416,22018560,80303536,100917680,20614144,7.962,124.822,116.86,44100,2,16,
th07,7,7,人形裁判　～ 人の形弄びし少女,th07_07.wav,musiccmt,100917680,5019648,31686656,105937328,132604336,26667008,28.456,179.63,151.174,44100,2,16,
th07,8,8,天空の花の都,th07_08.wav,musiccmt,132604336,1433984,43193344,134038320,175797680,41759360,8.129,244.86,236.731,44100,2,16,
th07,9,9,幽霊楽団　～ Phantom Ensemble,th07_09.wav,musiccmt,175797680,746240,24899328,176543920,200697008,24153088,4.23,141.153,136.922,44100,2,16,
th07,10,10,東方妖々夢　～ Ancient Temple,th07_10.wav,musiccmt,200697008,1725440,26254336,202422448,226951344,24528896,9.781,148.834,139.053,44100,2,16,
th07,11,11,広有射怪鳥事　～ Till When?,th07_11.wav,musiccmt,226951344,1186816,19758080,228138160,246709424,18571264,6.728,112.007,105.279,44100,2,16,
th07,12,12,アルティメットトゥルース,th07_12.wav,musiccmt,246709424,493568,10138624,247202992,256848048,9645056,2.798,57.475,54.677,44100,2,16,
th07,13,13,幽雅に咲かせ、墨染の桜　～ Border of Life,th07_13.wav,musiccmt,256848048,3055104,25412608,259903152,282260656,22357504,17.319,144.062,126.743,44100,2,16,
th07,14,14,ボーダーオブライフ,th07_13b.wav,musiccmt,282260656,11650048,16108800,293910704,298369456,4458752,66.043,91.32,25.276,44100,2,16,
th07,15,19,春風の夢,th07_14.wav,musiccmt,298369456,827648,11411712,299197104,309781168,10584064,4.692,64.692,60.0,44100,2,16,
th07,16,20,さくらさくら　～ Japanize Dream...,th07_15.wav,musiccmt,309781168,5245696,17170432,315026864,326951600,11924736,29.738,97.338,67.601,44100,2,16,
th07,17,15,妖々跋扈,th07_16.wav,musiccmt,326951600,1018880,25173760,327970480,352125360,24154880,5.776,142.708,136.932,44100,2,16,
th07,18,16,少女幻葬　～ Necro-Fantasy,th07_17.wav,musiccmt,352125360,257792,37693568,352383152,389818928,37435776,1.461,213.682,212.221,44100,2,16,
th07,19,17,妖々跋扈　～ Who done it!,th07_18.wav,musiccmt,389818928,1018880,25173760,390837808,414992688,24154880,5.776,142.708,136.932,44100,2,16,
th07,20,18,ネクロファンタジア,th07_19.wav,musiccmt,414992688,349440,29523968,415342128,444516656,29174528,1.981,167.369,165.388,44100,2,16,
th08,1,1,永夜抄　～ Eastern Night.,th08_01.wav,musiccmt,16,989888,12715264,989904,12715280,11725376,5.612,72.082,66.47,44100,2,16,
th08,2,2,幻視の夜　～ Ghostly Eyes,th08_00.wav,musiccmt,12715280,699904,23128832,13415184,35844112,22428928,3.968,131.116,127.148,44100,2,16,
th08,3,3,蠢々秋月　～ Mooned Insect,th08_03.wav,musiccmt,35844112,2785280,13762560,38629392,49606672,10977280,15.79,78.019,62.229,44100,2,16,
th08,4,4,夜雀の歌声　～ Night Bird,th08_04.wav,musiccmt,49606672,487168,26398720,50093840,76005392,25911552,2.762,149.653,146.891,44100,2,16,
th08,5,5,もう歌しか聞こえない,th08_05.wav,musiccmt,76005392,4511360,16978176,80516752,92983568,12466816,25.575,96.248,70.674,44100,2,16,
th08,6,6,懐かしき東方の血　～ Old World,th08_06.wav,musiccmt,92983568,2740736,16285696,95724304,109269264,13544960,15.537,92.323,76.785,44100,2,16,
th08,7,7,プレインエイジア,th08_07.wav,musiccmt,109269264,4761088,20195840,114030352,129465104,15434752,26.99,114.489,87.499,44100,2,16,
th08,8,8,永夜の報い　～ Imperishable Night,th08_08.wav,override,129465104,1460992,16809984,130926096,146275088,15348992,8.282,95.295,87.012,44100,2,16,CD 收录版无句点；游戏内 musiccmt 有句点
th08,9,9,少女綺想曲　～ Dream Battle,th08_09.wav,musiccmt,146275088,2337536,28934144,148612624,175209232,26596608,13.251,164.026,150.774,44100,2,16,
th08,10,10,恋色マスタースパーク,th08_10.wav,musiccmt,175209232,1813504,22355968,177022736,197565200,20542464,10.281,126.735,116.454,44100,2,16,
th08,11,11,シンデレラケージ　～ Kagome-Kagome,th08_11.wav,musiccmt,197565200,1178368,30779648,198743568,228344848,29601280,6.68,174.488,167.808,44100,2,16,
th08,12,12,狂気の瞳　～ Invisible Full Moon,th08_12.wav,musiccmt,228344848,534144,21200384,228878992,249545232,20666240,3.028,120.184,117.156,44100,2,16,
th08,13,13,ヴォヤージュ1969,th08_13.wav,musiccmt,249545232,1665728,15250592,251210960,264795824,13584864,9.443,86.455,77.012,44100,2,16,
th08,14,14,千年幻想郷　～ History of the Moon,th08_14.wav,musiccmt,264795824,1235712,31425536,266031536,296221360,30189824,7.005,178.149,171.144,44100,2,16,
th08,15,16,ヴォヤージュ1970,th08_13b.wav,musiccmt,296221360,12362624,14449664,308583984,310671024,2087040,70.083,81.914,11.831,44100,2,16,
th08,16,15,竹取飛翔　～ Lunatic Princess,th08_15.wav,musiccmt,310671024,6678272,31748096,317349296,342419120,25069824,37.859,179.978,142.119,44100,2,16,
th08,17,19,月見草,th08_16.wav,musiccmt,342419120,3086848,15827456,345505968,358246576,12740608,17.499,89.725,72.226,44100,2,16,
th08,18,20,Eternal Dream　～ 幽玄の槭樹,th08_17.wav,musiccmt,358246576,3434880,18601216,361681456,376847792,15166336,19.472,105.449,85.977,44100,2,16,
th08,19,17,エクステンドアッシュ　～ 蓬莱人,th08_18.wav,musiccmt,376847792,881280,28015744,377729072,404863536,27134464,4.996,158.819,153.823,44100,2,16,
th08,20,18,月まで届け、不死の煙,th08_19.wav,musiccmt,404863536,1334816,31184784,406198352,436048320,29849968,7.567,176.784,169.218,44100,2,16,
th08,21,21,東方妖怪小町,th08_20.wav,musiccmt,436048320,1104896,13912704,437153216,449961024,12807808,6.264,78.87,72.607,44100,2,16,
th09,1,1,花映塚　～ Higan Retour,th09_00.wav,musiccmt,16,873344,12542720,873360,12542736,11669376,4.951,71.104,66.153,44100,2,16,
th09,2,3,オリエンタルダークフライト,th09_00b.wav,musiccmt,12542736,1924096,23763968,14466832,36306704,21839872,10.908,134.716,123.809,44100,2,16,
th09,3,16,花の映る塚,th09_00c.wav,musiccmt,36306704,751872,12417664,37058576,48724368,11665792,4.262,70.395,66.133,44100,2,16,
th09,4,2,春色小径　～ Colorful Path,th09_01.wav,musiccmt,48724368,1509888,28176384,50234256,76900752,26666496,8.559,159.73,151.171,44100,2,16,
th09,5,4,フラワリングナイト,th09_02.wav,musiccmt,76900752,833088,22967616,77733840,99868368,22134528,4.723,130.202,125.479,44100,2,16,
th09,6,7,おてんば恋娘の冒険,th09_05.wav,musiccmt,99868368,1913856,26221568,101782224,126089936,24307712,10.85,148.648,137.799,44100,2,16,
th09,7,9,もう歌しか聞こえない　～ Flower Mix,th09_07.wav,musiccmt,126089936,1798144,29327360,127888080,155417296,27529216,10.194,166.255,156.061,44100,2,16,
th09,8,8,幽霊楽団　～ Phantom Ensemble,th07_09.wav,musiccmt,155417296,746240,24899328,156163536,180316624,24153088,4.23,141.153,136.922,44100,2,16,
th09,9,5,東方妖々夢　～ Ancient Temple,th07_10_b.wav,musiccmt,180316624,2689024,28060672,183005648,208377296,25371648,15.244,159.074,143.83,44100,2,16,
th09,10,11,風神少女   (Short Version),th09_08_2.wav,musiccmt,208377296,2817280,31529472,211194576,239906768,28712192,15.971,178.739,162.768,44100,2,16,
th09,11,14,彼岸帰航　～ Riverside View,th09_09.wav,musiccmt,239906768,2525440,30044928,242432208,269951696,27519488,14.317,170.323,156.006,44100,2,16,
th09,12,6,狂気の瞳　～ Invisible Full Moon,th08_12.wav,musiccmt,269951696,671744,21338112,270623440,291289808,20666368,3.808,120.964,117.156,44100,2,16,
th09,13,10,お宇佐さまの素い幡,th09_10.wav,musiccmt,291289808,995328,19341856,292285136,310631664,18346528,5.642,109.648,104.005,44100,2,16,
th09,14,15,六十年目の東方裁判　～ Fate of Sixty Years,th09_11.wav,musiccmt,310631664,1076224,44897280,311707888,355528944,43821056,6.101,254.52,248.419,44100,2,16,
th09,15,12,ポイズンボディ　～ Forsaken Doll,th09_12.wav,musiccmt,355528944,1090816,20756992,356619760,376285936,19666176,6.184,117.67,111.486,44100,2,16,
th09,16,13,今昔幻想郷　～ Flower Land,th09_13.wav,musiccmt,376285936,1898240,28223488,378184176,404509424,26325248,10.761,159.997,149.236,44100,2,16,
th09,17,18,花は幻想のままに,th09_14.wav,musiccmt,404509424,398976,8728320,404908400,413237744,8329344,2.262,49.48,47.219,44100,2,16,
th09,18,17,此岸の塚,th09_15.wav,musiccmt,413237744,3462784,6762240,416700528,419999984,3299456,19.63,38.335,18.704,44100,2,16,
th09,19,19,魂の花　～ Another Dream...,th09_17.wav,musiccmt,419999984,888320,19835776,420888304,439835760,18947456,5.036,112.448,107.412,44100,2,16,
th095,1,1,天狗の手帖　～ Mysterious Note,th095_00.wav,musiccmt,16,1343488,17006592,1343504,17006608,15663104,7.616,96.409,88.793,44100,2,16,
th095,2,2,風の循環　～ Wind Tour,th095_01.wav,musiccmt,17006608,314080,13935648,17320688,30942256,13621568,1.78,79.0,77.22,44100,2,16,
th095,3,3,天狗が見ている　～ Black Eyes,th095_02.wav,musiccmt,30942256,440832,22012928,31383088,52955184,21572096,2.499,124.79,122.291,44100,2,16,
th095,4,4,東の国の眠らない夜,th095_03.wav,musiccmt,52955184,1048576,23336960,54003760,76292144,22288384,5.944,132.296,126.351,44100,2,16,
th095,5,5,レトロスペクティブ京都,th095_04.wav,musiccmt,76292144,1026048,17447168,77318192,93739312,16421120,5.817,98.907,93.09,44100,2,16,
th095,6,6,風神少女,th09_08_2.wav,musiccmt,93739312,2817280,31529472,96556592,125268784,28712192,15.971,178.739,162.768,44100,2,16,
th10,1,1,封印されし神々,th10_02.wav,musiccmt,16,3944448,14875136,3944464,14875152,10930688,22.361,84.326,61.965,44100,2,16,
th10,2,2,人恋し神様　～ Romantic Fall,th10_00.wav,musiccmt,14875152,2718720,24004608,17593872,38879760,21285888,15.412,136.081,120.668,44100,2,16,
th10,3,3,稲田姫様に叱られるから,th10_01.wav,musiccmt,38879760,243200,7868416,39122960,46748176,7625216,1.379,44.606,43.227,44100,2,16,
th10,4,4,厄神様の通り道　～ Dark Road,th10_03.wav,musiccmt,46748176,651776,21412864,47399952,68161040,20761088,3.695,121.388,117.693,44100,2,16,
th10,5,5,運命のダークサイド,th10_04.wav,musiccmt,68161040,510464,18654720,68671504,86815760,18144256,2.894,105.752,102.859,44100,2,16,
th10,6,6,神々が恋した幻想郷,th10_05.wav,musiccmt,86815760,3145728,32159232,89961488,118974992,29013504,17.833,182.309,164.476,44100,2,16,
th10,7,7,芥川龍之介の河童　～ Candid Friend,th10_06.wav,musiccmt,118974992,1746944,25789696,120721936,144764688,24042752,9.903,146.2,136.297,44100,2,16,
th10,8,8,フォールオブフォール　～ 秋めく滝,th10_07.wav,musiccmt,144764688,1708032,35989504,146472720,180754192,34281472,9.683,204.022,194.339,44100,2,16,
th10,9,9,妖怪の山　～ Mysterious Mountain,th10_08.wav,musiccmt,180754192,1652736,14757376,182406928,195511568,13104640,9.369,83.659,74.289,44100,2,16,
th10,10,10,少女が見た日本の原風景,th10_09.wav,musiccmt,195511568,532480,32283136,196044048,227794704,31750656,3.019,183.011,179.992,44100,2,16,
th10,11,11,信仰は儚き人間の為に,th10_10.wav,musiccmt,227794704,2565120,31431936,230359824,259226640,28866816,14.541,178.186,163.644,44100,2,16,
th10,12,12,御柱の墓場　～ Grave of Being,th10_11.wav,musiccmt,259226640,2197504,11931904,261424144,271158544,9734400,12.458,67.641,55.184,44100,2,16,
th10,13,13,神さびた古戦場　～ Suwa Foughten Field,th10_12.wav,musiccmt,271158544,5085952,28725248,276244496,299883792,23639296,28.832,162.842,134.01,44100,2,16,
th10,14,14,明日ハレの日、ケの昨日,th10_15.wav,musiccmt,299883792,413952,35376000,300297744,335259792,34962048,2.347,200.544,198.198,44100,2,16,
th10,15,15,ネイティブフェイス,th10_16.wav,musiccmt,335259792,881184,30438976,336140976,365698768,29557792,4.995,172.557,167.561,44100,2,16,
th10,16,16,麓の神社,th10_13.wav,musiccmt,365698768,8006656,15421952,373705424,381120720,7415296,45.389,87.426,42.037,44100,2,16,
th10,17,17,神は恵みの雨を降らす　～ Sylphid Dream,th10_14.wav,musiccmt,381120720,11131396,15927716,392252116,397048436,4796320,63.103,90.293,27.19,44100,2,16,
th10,18,18,プレイヤーズスコア,th10_17.wav,musiccmt,397048436,1879240,6741184,398927676,403789620,4861944,10.653,38.215,27.562,44100,2,16,
th11,1,1,地霊達の起床,th11_00.wav,musiccmt,16,343552,13745536,343568,13745552,13401984,1.948,77.923,75.975,44100,2,16,
th11,2,2,暗闇の風穴,th11_01.wav,musiccmt,13745552,413056,17480064,14158608,31225616,17067008,2.342,99.093,96.752,44100,2,16,
th11,3,3,封じられた妖怪　～ Lost Place,th11_02.wav,musiccmt,31225616,815104,9795712,32040720,41021328,8980608,4.621,55.531,50.91,44100,2,16,
th11,4,4,渡る者の途絶えた橋,th11_03.wav,musiccmt,41021328,670208,19677696,41691536,60699024,19007488,3.799,111.552,107.752,44100,2,16,
th11,5,5,緑眼のジェラシー,th11_05.wav,musiccmt,60699024,591872,19525120,61290896,80224144,18933248,3.355,110.687,107.331,44100,2,16,
th11,6,6,旧地獄街道を行く,th11_06.wav,musiccmt,80224144,586368,20531840,80810512,100755984,19945472,3.324,116.394,113.07,44100,2,16,
th11,7,7,華のさかづき大江山,th11_07.wav,musiccmt,100755984,1054464,19082240,101810448,119838224,18027776,5.978,108.176,102.198,44100,2,16,
th11,8,8,ハートフェルトファンシー,th11_08.wav,musiccmt,119838224,1431040,24717056,121269264,144555280,23286016,8.112,140.119,132.007,44100,2,16,
th11,9,9,少女さとり　～ 3rd eye,th11_10.wav,musiccmt,144555280,638464,22038656,145193744,166593936,21400192,3.619,124.936,121.316,44100,2,16,
th11,10,10,廃獄ララバイ,th11_12.wav,musiccmt,166593936,708008,31862904,167301944,198456840,31154896,4.014,180.629,176.615,44100,2,16,
th11,11,11,死体旅行　～ Be of good cheer!,th11_13.wav,musiccmt,198456840,542208,17896704,198999048,216353544,17354496,3.074,101.455,98.381,44100,2,16,
th11,12,12,業火マントル,th11_14.wav,musiccmt,216353544,616448,20619264,216969992,236972808,20002816,3.495,116.889,113.395,44100,2,16,
th11,13,13,霊知の太陽信仰　～ Nuclear Fusion,th11_16.wav,musiccmt,236972808,633088,29937152,237605896,266909960,29304064,3.589,169.712,166.123,44100,2,16,
th11,14,14,ラストリモート,th11_15.wav,musiccmt,266909960,1103744,33688704,268013704,300598664,32584960,6.257,190.979,184.722,44100,2,16,
th11,15,15,ハルトマンの妖怪少女,th11_17.wav,musiccmt,300598664,4111616,27210240,304710280,327808904,23098624,23.308,154.253,130.945,44100,2,16,
th11,16,16,地霊達の帰宅,th11_18.wav,musiccmt,327808904,781824,12770304,328590728,340579208,11988480,4.432,72.394,67.962,44100,2,16,
th11,17,17,エネルギー黎明 ～ Future Dream...,th11_19.wav,musiccmt,340579208,5381088,14921664,345960296,355500872,9540576,30.505,84.59,54.085,44100,2,16,
th11,18,,プレイヤーズスコア,th10_17.wav,ini,355500872,1879240,6741184,357380112,362242056,4861944,10.653,38.215,27.562,44100,2,16,
th12,1,1,青空の影,th12_01.wav,musiccmt,16,1015872,10493952,1015888,10493968,9478080,5.759,59.49,53.731,44100,2,16,
th12,2,2,春の湊に,th12_00.wav,musiccmt,10493968,2423040,17719168,12917008,28213136,15296128,13.736,100.449,86.713,44100,2,16,
th12,3,3,小さな小さな賢将,th12_02.wav,musiccmt,28213136,2850304,16859392,31063440,45072528,14009088,16.158,95.575,79.417,44100,2,16,
th12,4,4,閉ざせし雲の通い路,th12_04.wav,musiccmt,45072528,561152,19929600,45633680,65002128,19368448,3.181,112.98,109.798,44100,2,16,
th12,5,5,万年置き傘にご注意を,th12_05.wav,musiccmt,65002128,2422016,24384256,67424144,89386384,21962240,13.73,138.233,124.502,44100,2,16,
th12,6,6,スカイルーイン,th12_07.wav,musiccmt,89386384,1237760,23554816,90624144,112941200,22317056,7.017,133.531,126.514,44100,2,16,
th12,7,7,時代親父とハイカラ少女,th12_08.wav,musiccmt,112941200,1360896,19251712,114302096,132192912,17890816,7.715,109.137,101.422,44100,2,16,
th12,8,8,幽霊客船の時空を越えた旅,th12_09.wav,musiccmt,132192912,634880,25343488,132827792,157536400,24708608,3.599,143.671,140.071,44100,2,16,
th12,9,9,キャプテン・ムラサ,th12_10.wav,musiccmt,157536400,1520512,22688896,159056912,180225296,21168384,8.62,128.622,120.002,44100,2,16,
th12,10,10,魔界地方都市エソテリア,th12_13.wav,musiccmt,180225296,3262976,31157248,183488272,211382544,27894272,18.498,176.628,158.131,44100,2,16,
th12,11,11,虎柄の毘沙門天,th12_14.wav,musiccmt,211382544,5178112,37001600,216560656,248384144,31823488,29.354,209.76,180.405,44100,2,16,
th12,12,12,法界の火,th12_16.wav,musiccmt,248384144,577920,17995904,248962064,266380048,17417984,3.276,102.018,98.741,44100,2,16,
th12,13,13,感情の摩天楼　～ Cosmic Mind,th12_17.wav,musiccmt,266380048,2922228,40541176,269302276,306921224,37618948,16.566,229.825,213.259,44100,2,16,
th12,14,14,夜空のユーフォーロマンス,th12_18.wav,musiccmt,306921224,1290240,32651264,308211464,339572488,31361024,7.314,185.098,177.784,44100,2,16,
th12,15,15,平安のエイリアン,th12_19.wav,musiccmt,339572488,1102848,32792576,340675336,372365064,31689728,6.252,185.899,179.647,44100,2,16,
th12,16,16,妖怪寺,th12_20.wav,musiccmt,372365064,1098800,9568128,373463864,381933192,8469328,6.229,54.241,48.012,44100,2,16,
th12,17,17,空の帰り道　～ Sky Dream,th12_21.wav,musiccmt,381933192,937664,20155168,382870856,402088360,19217504,5.316,114.258,108.943,44100,2,16,
th12,18,,プレイヤーズスコア,th10_17.wav,ini,402088360,1879240,6741184,403967600,408829544,4861944,10.653,38.215,27.562,44100,2,16,
th125,1,1,ニュースハウンド,th125_00.wav,musiccmt,16,3834880,15469568,3834896,15469584,11634688,21.74,87.696,65.956,44100,2,16,
th125,2,2,あなたの町の怪事件,th125_01.wav,musiccmt,15469584,2832576,19693824,18302160,35163408,16861248,16.058,111.643,95.585,44100,2,16,
th125,3,3,妖怪モダンコロニー,th125_03.wav,musiccmt,35163408,2514176,18456320,37677584,53619728,15942144,14.253,104.628,90.375,44100,2,16,
th125,4,4,ネメシスの要塞,th125_04.wav,musiccmt,53619728,1825536,16255360,55445264,69875088,14429824,10.349,92.151,81.802,44100,2,16,
th125,5,5,無間の鐘　～ Infinite Nightmare,th125_05.wav,musiccmt,69875088,5661056,31222400,75536144,101097488,25561344,32.092,176.998,144.906,44100,2,16,
th125,6,6,妖怪の山　～ Mysterious Mountain,th125_06.wav,musiccmt,101097488,2120352,15224352,103217840,116321840,13104000,12.02,86.306,74.286,44100,2,16,
th125,7,,はたてアンロック,th125_07.wav,override,116321840,5178112,9055872,121499952,125377712,3877760,29.354,51.337,21.983,44100,2,16,musiccmt 无条目，取参考表
th128,1,1,春の氷精,th128_07.wav,musiccmt,16,2139424,15595168,2139440,15595184,13455744,12.128,88.408,76.28,44100,2,16,
th128,2,2,可愛い大戦争のリフレーン,th128_00.wav,musiccmt,15595184,2681472,18856960,18276656,34452144,16175488,15.201,106.899,91.698,44100,2,16,
th128,3,3,いたずらに命をかけて,th128_02.wav,musiccmt,34452144,172256,13034144,34624400,47486288,12861888,0.977,73.89,72.913,44100,2,16,
th128,4,4,年中夢中の好奇心,th128_01.wav,musiccmt,47486288,2305600,14927552,49791888,62413840,12621952,13.07,84.623,71.553,44100,2,16,
th128,5,5,真夜中のフェアリーダンス,th128_05.wav,musiccmt,62413840,1901184,21505536,64315024,83919376,19604352,10.778,121.913,111.136,44100,2,16,
th128,6,6,妖精大戦争　～ Fairy Wars,th128_06.wav,override,83919376,565632,18139776,84485008,102059152,17574144,3.207,102.833,99.627,44100,2,16,musiccmt 原文 Faily Wars 为 ZUN 笔误，取 CD 版
th128,7,9,春の氷精　- 静 -,th128_09.wav,musiccmt,102059152,1841920,12345088,103901072,114404240,10503168,10.442,69.983,59.542,44100,2,16,
th128,8,7,ルーズレイン,th128_10.wav,musiccmt,114404240,1154816,28038912,115559056,142443152,26884096,6.547,158.951,152.404,44100,2,16,
th128,9,8,メイガスナイト,th128_11.wav,musiccmt,142443152,819968,23128576,143263120,165571728,22308608,4.648,131.114,126.466,44100,2,16,
th128,10,10,プレイヤーズスコア,th128_08.wav,musiccmt,165571728,1879240,6741184,167450968,172312912,4861944,10.653,38.215,27.562,44100,2,16,
th13,1,1,欲深き霊魂,th13_00.wav,musiccmt,16,3853696,10812928,3853712,10812944,6959232,21.846,61.298,39.451,44100,2,16,
th13,2,2,死霊の夜桜,th13_01.wav,musiccmt,10812944,3044008,19172208,13856952,29985152,16128200,17.256,108.686,91.43,44100,2,16,
th13,3,,死霊の夜桜（霊界トランス）,th13_01b.wav,ini,29985152,1522004,9586104,31507156,39571256,8064100,17.256,108.686,91.43,22050,2,16,
th13,4,3,ゴーストリード,th13_03.wav,musiccmt,39571256,716032,14911744,40287288,54483000,14195712,4.059,84.534,80.475,44100,2,16,
th13,5,,ゴーストリード（霊界トランス）,th13_03b.wav,ini,54483000,358016,7455872,54841016,61938872,7097856,4.059,84.534,80.475,22050,2,16,
th13,6,4,妖怪寺へようこそ,th13_04.wav,musiccmt,61938872,398720,18867776,62337592,80806648,18469056,2.26,106.96,104.7,44100,2,16,
th13,7,,妖怪寺へようこそ（霊界トランス）,th13_04b.wav,ini,80806648,199360,9433888,81006008,90240536,9234528,2.26,106.96,104.7,22050,2,16,
th13,8,5,門前の妖怪小娘,th13_06.wav,musiccmt,90240536,343296,12714688,90583832,102955224,12371392,1.946,72.079,70.133,44100,2,16,
th13,9,,門前の妖怪小娘（霊界トランス）,th13_06b.wav,ini,102955224,171648,6357344,103126872,109312568,6185696,1.946,72.079,70.133,22050,2,16,
th13,10,6,素敵な墓場で暮しましょ,th13_07.wav,musiccmt,109312568,2718496,24583680,112031064,133896248,21865184,15.411,139.363,123.952,44100,2,16,
th13,11,,素敵な墓場で暮しましょ（霊界トランス）,th13_07b.wav,ini,133896248,1359248,12291840,135255496,146188088,10932592,15.411,139.363,123.952,22050,2,16,
th13,12,7,リジッドパラダイス,th13_08.wav,musiccmt,146188088,707904,13650560,146895992,159838648,12942656,4.013,77.384,73.371,44100,2,16,
th13,13,,リジッドパラダイス（霊界トランス）,th13_08b.wav,ini,159838648,353952,6825280,160192600,166663928,6471328,4.013,77.384,73.371,22050,2,16,
th13,14,8,デザイアドライブ,th13_10.wav,musiccmt,166663928,1606144,27550976,168270072,194214904,25944832,9.105,156.185,147.08,44100,2,16,
th13,15,,デザイアドライブ（霊界トランス）,th13_10b.wav,ini,194214904,803072,13775488,195017976,207990392,12972416,9.105,156.185,147.08,22050,2,16,
th13,16,9,古きユアンシェン,th13_11.wav,musiccmt,207990392,1520000,18306944,209510392,226297336,16786944,8.617,103.781,95.164,44100,2,16,
th13,17,,古きユアンシェン（霊界トランス）,th13_11b.wav,ini,226297336,760000,9153472,227057336,235450808,8393472,8.617,103.781,95.164,22050,2,16,
th13,18,10,夢殿大祀廟,th13_12.wav,musiccmt,235450808,275504,20617120,235726312,256067928,20341616,1.562,116.877,115.315,44100,2,16,
th13,19,,夢殿大祀廟（霊界トランス）,th13_12b.wav,ini,256067928,137752,10308560,256205680,266376488,10170808,1.562,116.877,115.315,22050,2,16,
th13,20,11,大神神話伝,th13_15.wav,musiccmt,266376488,661504,26787840,267037992,293164328,26126336,3.75,151.859,148.108,44100,2,16,
th13,21,,大神神話伝（霊界トランス）,th13_15b.wav,ini,293164328,330752,13393920,293495080,306558248,13063168,3.75,151.859,148.108,22050,2,16,
th13,22,12,小さな欲望の星空,th13_16.wav,musiccmt,306558248,2833984,19844512,309392232,326402760,17010528,16.066,112.497,96.432,44100,2,16,
th13,23,,小さな欲望の星空（霊界トランス）,th13_16b.wav,ini,326402760,1416992,9922256,327819752,336325016,8505264,16.066,112.497,96.432,22050,2,16,
th13,24,13,聖徳伝説　～ True Administrator,th13_17.wav,musiccmt,336325016,2602200,32563680,338927216,368888696,29961480,14.752,184.601,169.85,44100,2,16,
th13,25,16,神社の新しい風,th13_18.wav,musiccmt,368888696,259584,15528448,369148280,384417144,15268864,1.472,88.03,86.558,44100,2,16,
th13,26,17,デザイアドリーム,th13_19.wav,musiccmt,384417144,24170752,26522624,408587896,410939768,2351872,137.022,150.355,13.333,44100,2,16,
th13,27,14,妖怪裏参道,th13_20.wav,musiccmt,410939768,1457280,24019744,412397048,434959512,22562464,8.261,136.166,127.905,44100,2,16,
th13,28,,妖怪裏参道（霊界トランス）,th13_20b.wav,ini,434959512,728640,12009872,435688152,446969384,11281232,8.261,136.166,127.905,22050,2,16,
th13,29,15,佐渡の二ッ岩,th13_22.wav,musiccmt,446969384,2398880,25539360,449368264,472508744,23140480,13.599,144.781,131.182,44100,2,16,
th13,30,,佐渡の二ッ岩（霊界トランス）,th13_22b.wav,ini,472508744,1199440,12769680,473708184,485278424,11570240,13.599,144.781,131.182,22050,2,16,
th13,31,,プレイヤーズスコア,th128_08.wav,ini,485278424,1879240,6741184,487157664,492019608,4861944,10.653,38.215,27.562,44100,2,16,
th14,1,1,不思議なお祓い棒,th14_01.wav,musiccmt,16,2862544,20787040,2862560,20787056,17924496,16.228,117.84,101.613,44100,2,16,
th14,2,2,ミストレイク,th14_02.wav,musiccmt,20787056,1431744,16328960,22218800,37116016,14897216,8.116,92.568,84.451,44100,2,16,
th14,3,3,秘境のマーメイド,th14_03.wav,musiccmt,37116016,414080,15806464,37530096,52922480,15392384,2.347,89.606,87.258,44100,2,16,
th14,4,4,運河を行き交う人妖,th14_04.wav,musiccmt,52922480,2696320,17992304,55618800,70914784,15295984,15.285,101.997,86.712,44100,2,16,
th14,5,5,柳の下のデュラハン,th14_05.wav,musiccmt,70914784,368944,19075552,71283728,89990336,18706608,2.092,108.138,106.047,44100,2,16,
th14,6,6,満月の竹林,th14_06.wav,musiccmt,89990336,983792,25544080,90974128,115534416,24560288,5.577,144.808,139.231,44100,2,16,
th14,7,7,孤独なウェアウルフ,th14_07.wav,musiccmt,115534416,2346816,18686592,117881232,134221008,16339776,13.304,105.933,92.629,44100,2,16,
th14,8,8,マジカルストーム,th14_09.wav,musiccmt,134221008,7280624,32628304,141501632,166849312,25347680,41.273,184.968,143.694,44100,2,16,
th14,9,9,幻想浄瑠璃,th14_10.wav,musiccmt,166849312,5390560,25375296,172239872,192224608,19984736,30.559,143.851,113.292,44100,2,16,
th14,10,10,空中に沈む輝針城,th14_11.wav,musiccmt,192224608,3661512,25976864,195886120,218201472,22315352,20.757,147.261,126.504,44100,2,16,
th14,11,11,リバースイデオロギー,th14_12.wav,musiccmt,218201472,926016,23152464,219127488,241353936,22226448,5.25,131.25,126.0,44100,2,16,
th14,12,12,針小棒大の天守閣,th14_14.wav,musiccmt,241353936,3320064,18044160,244674000,259398096,14724096,18.821,102.291,83.47,44100,2,16,
th14,13,13,輝く針の小人族　～ Little Princess,th14_15.wav,musiccmt,259398096,1161216,40399744,260559312,299797840,39238528,6.583,229.023,222.441,44100,2,16,
th14,14,16,小槌の魔力,th14_16.wav,musiccmt,299797840,525568,14936992,300323408,314734832,14411424,2.979,84.677,81.697,44100,2,16,
th14,15,17,不思議な不思議な道具達,th14_17.wav,musiccmt,314734832,3123264,13558784,317858096,328293616,10435520,17.706,76.864,59.158,44100,2,16,
th14,16,14,魔力の雷雲,th14_18.wav,musiccmt,328293616,1838432,25953984,330132048,354247600,24115552,10.422,147.131,136.709,44100,2,16,
th14,17,15,始原のビート　～ Pristine Beat,th14_19.wav,musiccmt,354247600,2544832,36842752,356792432,391090352,34297920,14.426,208.859,194.433,44100,2,16,
th14,18,,プレイヤーズスコア,th128_08.wav,ini,391090352,1879240,6741184,392969592,397831536,4861944,10.653,38.215,27.562,44100,2,16,
th143,1,1,反則の狼煙を上げろ,th143_01.wav,musiccmt,16,2891584,20954816,2891600,20954832,18063232,16.392,118.791,102.399,44100,2,16,
th143,2,2,不可能弾幕には反則を,th143_02.wav,musiccmt,20954832,2560512,22360448,23515344,43315280,19799936,14.515,126.76,112.245,44100,2,16,
th143,3,3,ミッドナイトスペルカード,th143_05.wav,musiccmt,43315280,1355828,16173440,44671108,59488720,14817612,7.686,91.686,84.0,44100,2,16,
th143,4,4,ロマンチック逃飛行,th143_06.wav,musiccmt,59488720,2444560,22494304,61933280,81983024,20049744,13.858,127.519,113.661,44100,2,16,
th143,5,5,永遠の三日天下,th143_07.wav,musiccmt,81983024,797504,35092840,82780528,117075864,34295336,4.521,198.939,194.418,44100,2,16,
th143,6,6,秘境のマーメイド,th14_03.wav,musiccmt,117075864,414080,15806464,117489944,132882328,15392384,2.347,89.606,87.258,44100,2,16,
th143,7,7,リバースイデオロギー,th14_12.wav,musiccmt,132882328,926016,23152464,133808344,156034792,22226448,5.25,131.25,126.0,44100,2,16,
th143,8,8,幻想浄瑠璃,th14_10.wav,musiccmt,156034792,5390560,25375296,161425352,181410088,19984736,30.559,143.851,113.292,44100,2,16,
th143,9,9,妖怪の山　～ Mysterious Mountain,th125_06.wav,musiccmt,181410088,2120352,15224352,183530440,196634440,13104000,12.02,86.306,74.286,44100,2,16,
th143,10,,プレイヤーズスコア,th128_08.wav,reuse,196634440,1879240,6741184,198513680,203375624,4861944,10.653,38.215,27.562,44100,2,16,
th15,1,1,宇宙巫女現る,th15_01.wav,musiccmt,16,1198848,26032976,1198864,26032992,24834128,6.796,147.579,140.783,44100,2,16,
th15,2,2,忘れがたき、よすがの緑,th15_02.wav,musiccmt,26032992,815744,19631744,26848736,45664736,18816000,4.624,111.291,106.667,44100,2,16,
th15,3,3,兎は舞い降りた,th15_04.wav,musiccmt,45664736,2504592,18350992,48169328,64015728,15846400,14.198,104.031,89.832,44100,2,16,
th15,4,4,湖は浄めの月光を映して,th15_03.wav,musiccmt,64015728,483584,20543808,64499312,84559536,20060224,2.741,116.461,113.72,44100,2,16,
th15,5,5,九月のパンプキン,th15_05.wav,musiccmt,84559536,3187840,21549440,87747376,106108976,18361600,18.072,122.162,104.091,44100,2,16,
th15,6,6,宇宙を飛ぶ不思議な巫女,th15_06.wav,musiccmt,106108976,610560,27529664,106719536,133638640,26919104,3.461,156.064,152.603,44100,2,16,
th15,7,7,永遠の春夢,th15_07.wav,musiccmt,133638640,4198460,30687744,137837100,164326384,26489284,23.801,173.967,150.166,44100,2,16,
th15,8,8,凍り付いた永遠の都,th15_08.wav,musiccmt,164326384,4370560,30731904,168696944,195058288,26361344,24.776,174.217,149.441,44100,2,16,
th15,9,9,逆転するホイールオブフォーチュン,th15_09.wav,musiccmt,195058288,1059712,30572736,196118000,225631024,29513024,6.007,173.315,167.307,44100,2,16,
th15,10,10,遥か３８万キロのボヤージュ,th15_10.wav,musiccmt,225631024,1252736,36904320,226883760,262535344,35651584,7.102,209.208,202.106,44100,2,16,
th15,11,11,星条旗のピエロ,th15_11.wav,musiccmt,262535344,4703232,42335232,267238576,304870576,37632000,26.662,239.996,213.333,44100,2,16,
th15,12,12,故郷の星が映る海,th15_12.wav,musiccmt,304870576,9413376,27134976,314283952,332005552,17721600,53.364,153.826,100.463,44100,2,16,
th15,13,13,ピュアヒューリーズ　～ 心の在処,th15_13.wav,musiccmt,332005552,1079296,50151168,333084848,382156720,49071872,6.118,284.304,278.185,44100,2,16,
th15,14,14,見た事も無い悪夢の世界,th15_16.wav,musiccmt,382156720,2041344,37691904,384198064,419848624,35650560,11.572,213.673,202.101,44100,2,16,
th15,15,15,パンデモニックプラネット,th15_17.wav,musiccmt,419848624,2032256,39581184,421880880,459429808,37548928,11.521,224.383,212.862,44100,2,16,
th15,16,16,神社から見える月,th15_14.wav,musiccmt,459429808,486288,8952976,459916096,468382784,8466688,2.757,50.754,47.997,44100,2,16,
th15,17,17,宇宙巫女帰還する,th15_15.wav,musiccmt,468382784,1771008,15317760,470153792,483700544,13546752,10.04,86.835,76.796,44100,2,16,
th15,18,,プレイヤーズスコア,th128_08.wav,ini,483700544,1879240,6741184,485579784,490441728,4861944,10.653,38.215,27.562,44100,2,16,
th16,1,1,桜舞い散る天空,th16_01.wav,musiccmt,16,1174528,15562752,1174544,15562768,14388224,6.658,88.224,81.566,44100,2,16,
th16,2,2,希望の星は青霄に昇る,th16_02.wav,musiccmt,15562768,633712,18885832,16196480,34448600,18252120,3.592,107.063,103.47,44100,2,16,
th16,3,3,真夏の妖精の夢,th16_03.wav,musiccmt,34448600,1070848,19214720,35519448,53663320,18143872,6.071,108.927,102.856,44100,2,16,
th16,4,4,色無き風は妖怪の山に,th16_04.wav,musiccmt,53663320,1124608,20704640,54787928,74367960,19580032,6.375,117.373,110.998,44100,2,16,
th16,5,5,山奥のエンカウンター,th16_05.wav,musiccmt,74367960,2286080,18132224,76654040,92500184,15846144,12.96,102.79,89.831,44100,2,16,
th16,6,6,桜色の海を泳いで,th16_06.wav,musiccmt,92500184,571888,22818424,93072072,115318608,22246536,3.242,129.356,126.114,44100,2,16,
th16,7,7,一対の神獣,th16_07.wav,musiccmt,115318608,7488468,23333564,122807076,138652172,15845096,42.452,132.276,89.825,44100,2,16,
th16,8,8,幻想のホワイトトラベラー,th16_08.wav,musiccmt,138652172,844640,29527840,139496812,168180012,28683200,4.788,167.391,162.603,44100,2,16,
th16,9,9,魔法の笠地蔵,th16_09.wav,musiccmt,168180012,979792,18599504,169159804,186779516,17619712,5.554,105.439,99.885,44100,2,16,
th16,10,10,禁断の扉の向こうは、この世かあの世か,th16_10.wav,musiccmt,186779516,1026560,31159680,187806076,217939196,30133120,5.82,176.642,170.823,44100,2,16,
th16,11,11,クレイジーバックダンサーズ,th16_11.wav,musiccmt,217939196,3568512,24244736,221507708,242183932,20676224,20.23,137.442,117.212,44100,2,16,
th16,12,12,イントゥ・バックドア,th16_13.wav,musiccmt,242183932,2349680,18632336,244533612,260816268,16282656,13.32,105.625,92.305,44100,2,16,
th16,13,13,秘匿されたフォーシーズンズ,th16_12.wav,musiccmt,260816268,1159520,33597984,261975788,294414252,32438464,6.573,190.465,183.892,44100,2,16,
th16,14,16,不自然な自然,th16_14.wav,musiccmt,294414252,5175040,10191872,299589292,304606124,5016832,29.337,57.777,28.44,44100,2,16,
th16,15,17,白い旅人,th16_15.wav,musiccmt,304606124,9743488,14056832,314349612,318662956,4313344,55.235,79.687,24.452,44100,2,16,
th16,16,14,もうドアには入れない,th16_16.wav,musiccmt,318662956,588800,31469568,319251756,350132524,30880768,3.338,178.399,175.061,44100,2,16,
th16,17,15,秘神マターラ　～ Hidden Star in All Seasons.,th16_17.wav,musiccmt,350132524,1133056,32003072,351265580,382135596,30870016,6.423,181.423,175.0,44100,2,16,
th16,18,,プレイヤーズスコア,th128_08.wav,ini,382135596,1879240,6741184,384014836,388876780,4861944,10.653,38.215,27.562,44100,2,16,
th165,1,1,悪夢日記,th165_01.wav,musiccmt,16,6741120,18606080,6741136,18606096,11864960,38.215,105.477,67.262,44100,2,16,
th165,2,5,バー・オールドアダム,th165_02.wav,musiccmt,18606096,529152,12483072,19135248,31089168,11953920,3.0,70.766,67.766,44100,2,16,
th165,3,2,ルーシッドドリーマー,th165_04.wav,musiccmt,31089168,689536,18725632,31778704,49814800,18036096,3.909,106.154,102.245,44100,2,16,
th165,4,6,燕石博物誌が連れてきた闇,th165_05.wav,musiccmt,49814800,4422336,19726656,54237136,69541456,15304320,25.07,111.829,86.759,44100,2,16,
th165,5,3,ルナティックドリーマー,th165_06.wav,musiccmt,69541456,2011840,20827200,71553296,90368656,18815360,11.405,118.068,106.663,44100,2,16,
th165,6,4,ナイトメアダイアリー,th165_07.wav,musiccmt,90368656,616192,24243456,90984848,114612112,23627264,3.493,137.435,133.941,44100,2,16,
th165,7,7,永遠の春夢,th15_07.wav,musiccmt,114612112,4198460,30687744,118810572,145299856,26489284,23.801,173.967,150.166,44100,2,16,
th165,8,8,秘匿されたフォーシーズンズ,th16_12.wav,musiccmt,145299856,1159520,33597984,146459376,178897840,32438464,6.573,190.465,183.892,44100,2,16,
th17,1,1,物言わぬ獣の霊,th17_01.wav,musiccmt,16,4759360,15609472,4759376,15609488,10850112,26.98,88.489,61.509,44100,2,16,
th17,2,2,地蔵だけが知る哀嘆,th17_03.wav,musiccmt,15609488,2680704,23455104,18290192,39064592,20774400,15.197,132.965,117.769,44100,2,16,
th17,3,3,ジェリーストーン,th17_04.wav,musiccmt,39064592,1182184,15052888,40246776,54117480,13870704,6.702,85.334,78.632,44100,2,16,
th17,4,4,ロストリバー,th17_05.wav,musiccmt,54117480,3588096,25946368,57705576,80063848,22358272,20.341,147.088,126.748,44100,2,16,
th17,5,5,石の赤子と水中の牛,th17_06.wav,musiccmt,80063848,2123392,21388992,82187240,101452840,19265600,12.037,121.253,109.215,44100,2,16,
th17,6,6,不朽の曼珠沙華,th17_07.wav,musiccmt,101452840,2498256,30014432,103951096,131467272,27516176,14.162,170.15,155.987,44100,2,16,
th17,7,7,セラフィックチキン,th17_08.wav,musiccmt,131467272,1711952,25495152,133179224,156962424,23783200,9.705,144.53,134.825,44100,2,16,
th17,8,8,アンロケイテッドヘル,th17_09.wav,musiccmt,156962424,4265472,34272896,161227896,191235320,30007424,24.181,194.291,170.11,44100,2,16,
th17,9,9,トータスドラゴン　～ 幸運と不運,th17_10.wav,musiccmt,191235320,367232,29732800,191602552,220968120,29365568,2.082,168.553,166.471,44100,2,16,
th17,10,10,ビーストメトロポリス,th17_11.wav,musiccmt,220968120,893824,27352832,221861944,248320952,26459008,5.067,155.061,149.994,44100,2,16,
th17,11,11,セラミックスの杖刀人,th17_12.wav,musiccmt,248320952,4284036,24696052,252604988,273017004,20412016,24.286,140.0,115.714,44100,2,16,
th17,12,12,エレクトリックヘリテージ,th17_14.wav,musiccmt,273017004,6478080,20846976,279495084,293863980,14368896,36.724,118.18,81.456,44100,2,16,
th17,13,13,偶像に世界を委ねて　～ Idoratrize World,th17_13.wav,musiccmt,293863980,5278080,41262592,299142060,335126572,35984512,29.921,233.915,203.994,44100,2,16,
th17,14,14,輝かしき弱肉強食の掟,th17_17.wav,musiccmt,335126572,4542592,32427008,339669164,367553580,27884416,25.752,183.827,158.075,44100,2,16,
th17,15,15,聖徳太子のペガサス　～ Dark Pegasus,th17_18.wav,musiccmt,367553580,4545472,40405760,372099052,407959340,35860288,25.768,229.058,203.29,44100,2,16,
th17,16,16,畜生達の休息,th17_15.wav,musiccmt,407959340,4389120,9723648,412348460,417682988,5334528,24.882,55.123,30.241,44100,2,16,
th17,17,17,地下からの帰還,th17_16.wav,musiccmt,417682988,16085760,20538880,433768748,438221868,4453120,91.189,116.434,25.244,44100,2,16,
th17,18,,プレイヤーズスコア,th128_08.wav,ini,438221868,1879240,6741184,440101108,444963052,4861944,10.653,38.215,27.562,44100,2,16,
th18,1,1,虹の架かる幻想郷,th18_01.wav,musiccmt,16,493216,19403296,493232,19403312,18910080,2.796,109.996,107.2,44100,2,16,
th18,2,2,妖異達の通り雨,th18_03.wav,musiccmt,19403312,4341120,20692416,23744432,40095728,16351296,24.61,117.304,92.694,44100,2,16,
th18,3,3,大吉キトゥン,th18_04.wav,musiccmt,40095728,402432,16839680,40498160,56935408,16437248,2.281,95.463,93.182,44100,2,16,
th18,4,4,深緑に隠された断崖,th18_05.wav,musiccmt,56935408,2484416,18063872,59419824,74999280,15579456,14.084,102.403,88.319,44100,2,16,
th18,5,5,バンデットリィテクノロジー,th18_06.wav,musiccmt,74999280,1147904,19766272,76147184,94765552,18618368,6.507,112.054,105.546,44100,2,16,
th18,6,6,駒草咲くパーペチュアルスノー,th18_07.wav,musiccmt,94765552,1654784,30745600,96420336,125511152,29090816,9.381,174.295,164.914,44100,2,16,
th18,7,7,スモーキングドラゴン,th18_08.wav,musiccmt,125511152,1133824,23309312,126644976,148820464,22175488,6.428,132.139,125.711,44100,2,16,
th18,8,8,廃れゆく産業遺構,th18_09.wav,musiccmt,148820464,5291168,36978720,154111632,185799184,31687552,29.995,209.63,179.635,44100,2,16,
th18,9,9,神代鉱石,th18_10.wav,musiccmt,185799184,2119680,26646780,187918864,212445964,24527100,12.016,151.059,139.043,44100,2,16,
th18,10,10,待ちわびた逢魔が時,th18_11.wav,musiccmt,212445964,706208,30725984,213152172,243171948,30019776,4.003,174.184,170.18,44100,2,16,
th18,11,11,星降る天魔の山,th18_12.wav,musiccmt,243171948,646880,25577792,243818828,268749740,24930912,3.667,144.999,141.332,44100,2,16,
th18,12,12,ルナレインボー,th18_13.wav,musiccmt,268749740,725056,29073984,269474796,297823724,28348928,4.11,164.819,160.708,44100,2,16,
th18,13,13,あの賑やかな市場は今どこに　～ Immemorial Marketeers,th18_14.wav,musiccmt,297823724,4557728,43956512,302381452,341780236,39398784,25.837,249.187,223.349,44100,2,16,
th18,14,16,嵐の後の日曜日,th18_15.wav,musiccmt,341780236,3743744,10292224,345523980,352072460,6548480,21.223,58.346,37.123,44100,2,16,
th18,15,17,虹色の世界,th18_16.wav,musiccmt,352072460,8984064,13163648,361056524,365236108,4179584,50.93,74.624,23.694,44100,2,16,
th18,16,14,幻想の地下大線路網,th18_17.wav,musiccmt,365236108,876032,30225408,366112140,395461516,29349376,4.966,171.346,166.38,44100,2,16,
th18,17,15,龍王殺しのプリンセス,th18_18.wav,musiccmt,395461516,995520,27890848,396457036,423352364,26895328,5.644,158.111,152.468,44100,2,16,
th18,18,,プレイヤーズスコア,th128_08.wav,ini,423352364,1879240,6741184,425231604,430093548,4861944,10.653,38.215,27.562,44100,2,16,
th185,1,1,コレクターの憂鬱な午後,th185_01.wav,musiccmt,16,658176,21680128,658192,21680144,21021952,3.731,122.903,119.172,44100,2,16,
th185,2,3,妖怪フックオン,th185_02.wav,musiccmt,21680144,324864,13608832,22005008,35288976,13283968,1.842,77.148,75.306,44100,2,16,
th185,3,2,ワクワクする見慣れた幻想郷,th185_03.wav,musiccmt,35288976,287744,33056672,35576720,68345648,32768928,1.631,187.396,185.765,44100,2,16,
th185,4,4,闇市場は場所を選ばない,th185_04.wav,musiccmt,68345648,4409856,31971456,72755504,100317104,27561600,24.999,181.244,156.245,44100,2,16,
th185,5,5,弾幕を持て、バレットフィリア達よ,th185_05.wav,musiccmt,100317104,635392,20101632,100952496,120418736,19466240,3.602,113.955,110.353,44100,2,16,
th185,6,6,１００回目のブラックマーケット,th185_06.wav,musiccmt,120418736,544960,27881824,120963696,148300560,27336864,3.089,158.06,154.971,44100,2,16,
th185,7,8,ルナレインボー,th18_13.wav,musiccmt,148300560,725056,29073984,149025616,177374544,28348928,4.11,164.819,160.708,44100,2,16,
th185,8,9,あの賑やかな市場は今どこに　～ Immemorial Marketeers,th18_14.wav,musiccmt,177374544,4557728,43956512,181932272,221331056,39398784,25.837,249.187,223.349,44100,2,16,
th185,9,10,虹色の世界,th18_16.wav,musiccmt,221331056,8984064,13163648,230315120,234494704,4179584,50.93,74.624,23.694,44100,2,16,
th185,10,7,ルナティックドリーマー,th165_06.wav,musiccmt,234494704,2011840,20827200,236506544,255321904,18815360,11.405,118.068,106.663,44100,2,16,
th19,1,1,獣の知性,th19_01.wav,musiccmt,16,204800,26493888,204816,26493904,26289088,1.161,150.192,149.031,44100,2,16,
th19,2,2,世界は可愛く出来ている,th19_02.wav,musiccmt,26493904,61696,32503528,26555600,58997432,32441832,0.35,184.26,183.911,44100,2,16,
th19,3,3,魔獣スクランブル,th19_03.wav,musiccmt,58997432,251168,22169408,59248600,81166840,21918240,1.424,125.677,124.253,44100,2,16,
th19,4,13,春の湊に,th19_04.wav,musiccmt,81166840,2313344,17132672,83480184,98299512,14819328,13.114,97.124,84.01,44100,2,16,
th19,5,14,忘れがたき、よすがの緑,th19_05.wav,musiccmt,98299512,290816,19107840,98590328,117407352,18817024,1.649,108.321,106.672,44100,2,16,
th19,6,12,一対の神獣,th19_06.wav,musiccmt,117407352,643072,22924288,118050424,140331640,22281216,3.646,129.956,126.311,44100,2,16,
th19,7,4,鬼は悠久の山に,th19_07.wav,musiccmt,140331640,2326592,28216192,142658232,168547832,25889600,13.189,159.956,146.766,44100,2,16,
th19,8,5,タイニーシャングリラ,th19_08.wav,musiccmt,168547832,2317056,30205952,170864888,198753784,27888896,13.135,171.236,158.1,44100,2,16,
th19,9,6,勇敢で有閑な妖獣,th19_09.wav,musiccmt,198753784,274432,29336064,199028216,228089848,29061632,1.556,166.304,164.748,44100,2,16,
th19,10,7,吸血怪獣チュパカブラ,th19_10.wav,musiccmt,228089848,250880,24299136,228340728,252388984,24048256,1.422,137.75,136.328,44100,2,16,
th19,11,8,振り向かない黄泉の道,th19_11.wav,musiccmt,252388984,1544448,28184320,253933432,280573304,26639872,8.755,159.775,151.02,44100,2,16,
th19,12,9,逸脱者達の無礙光　～ Kingdom of Nothingness.,th19_12.wav,musiccmt,280573304,480768,37802496,281054072,318375800,37321728,2.725,214.3,211.574,44100,2,16,
th19,13,10,少女が見た日本の原風景,th19_13.wav,musiccmt,318375800,366208,30320704,318742008,348696504,29954496,2.076,171.886,169.81,44100,2,16,
th19,14,11,妖々跋扈　～ Who done it!,th19_14.wav,musiccmt,348696504,2687872,22979584,351384376,371676088,20291712,15.237,130.27,115.032,44100,2,16,
th19,15,15,死体旅行　～ Be of good cheer!,th19_15.wav,musiccmt,371676088,491904,17846400,372167992,389522488,17354496,2.789,101.17,98.381,44100,2,16,
th19,16,16,待ちわびた逢魔が時,th19_16.wav,musiccmt,389522488,127616,30083072,389650104,419605560,29955456,0.723,170.539,169.816,44100,2,16,
th19,17,17,佐渡の二ッ岩,th19_17.wav,musiccmt,419605560,2263680,25405952,421869240,445011512,23142272,12.833,144.025,131.192,44100,2,16,
th19,18,18,トータスドラゴン　～ 幸運と不運,th19_18.wav,musiccmt,445011512,244096,29609984,445255608,474621496,29365888,1.384,167.857,166.473,44100,2,16,
th19,19,19,聖徳太子のペガサス　～ Dark Pegasus,th19_19.wav,musiccmt,474621496,4169216,40031744,478790712,514653240,35862528,23.635,226.937,203.302,44100,2,16,
th19,20,20,強欲な獣のメメント,th19_20.wav,musiccmt,514653240,247808,44851200,514901048,559504440,44603392,1.405,254.259,252.854,44100,2,16,
th19,21,21,獣王達の休息,th19_21.wav,musiccmt,559504440,320800,5263136,559825240,564767576,4942336,1.819,29.836,28.018,44100,2,16,
th19,22,22,獣に知性はあるか,th19_22.wav,musiccmt,564767576,13904384,16118272,578671960,580885848,2213888,78.823,91.373,12.55,44100,2,16,
th19,23,,戦闘前会話1,th19_90.wav,override,580885848,496128,4730112,581381976,585615960,4233984,2.813,26.815,24.002,44100,2,16,fmt 原名 Undefined_Object1，用户给定
th19,24,,戦闘前会話2,th19_91.wav,override,585615960,264672,4497888,585880632,590113848,4233216,1.5,25.498,23.998,44100,2,16,fmt 原名 Undefined_Object2，用户给定
th20,1,1,錦の上の巫女,th20_01.wav,musiccmt,16,358112,17292480,358128,17292496,16934368,2.03,98.03,96.0,44100,2,16,
th20,2,2,愛おしき塵の住処,th20_02.wav,musiccmt,17292496,2471040,23001472,19763536,40293968,20530432,14.008,130.394,116.386,44100,2,16,
th20,3,3,例え世界から忘れられても,th20_03.wav,musiccmt,40293968,498432,17432128,40792400,57726096,16933696,2.826,98.822,95.996,44100,2,16,
th20,4,4,セイクリッドフォレスト,th20_04.wav,musiccmt,57726096,874016,24779200,58600112,82505296,23905184,4.955,140.472,135.517,44100,2,16,
th20,5,5,森にはお化けがいるよ,th20_05.wav,musiccmt,82505296,2365856,24280896,84871152,106786192,21915040,13.412,137.647,124.235,44100,2,16,
th20,6,6,プレステ・ジョアンの黄金境,th20_06.wav,musiccmt,106786192,1154704,25786592,107940896,132572784,24631888,6.546,146.182,139.637,44100,2,16,
th20,7,7,どうせなら命を賭けて謎を解け,th20_07.wav,musiccmt,132572784,453440,23677952,133026224,156250736,23224512,2.571,134.229,131.658,44100,2,16,
th20,8,8,フォーカラーラビリンス,th20_08.wav,musiccmt,156250736,872192,29884160,157122928,186134896,29011968,4.944,169.411,164.467,44100,2,16,
th20,9,9,鹿狩りのレミニセンス,th20_09.wav,musiccmt,186134896,5001472,31100672,191136368,217235568,26099200,28.353,176.308,147.955,44100,2,16,
th20,10,10,記憶の深海に沈む少女,th20_10.wav,musiccmt,217235568,2756864,31494144,219992432,248729712,28737280,15.628,178.538,162.91,44100,2,16,
th20,11,11,綿月のスペルカード　～ 神海戦,th20_11.wav,musiccmt,248729712,629248,26837376,249358960,275567088,26208128,3.567,152.139,148.572,44100,2,16,
th20,12,12,ピラミッドの神域,th20_13.wav,musiccmt,275567088,362048,17296768,275929136,292863856,16934720,2.052,98.054,96.002,44100,2,16,
th20,13,13,最後の一人は慣れてるから　～ Stone Goddess,th20_12.wav,musiccmt,292863856,2210240,34336192,295074096,327200048,32125952,12.53,194.65,182.12,44100,2,16,
th20,14,14,ファンタスティックドリフト,th20_17.wav,musiccmt,327200048,622336,32871936,327822384,360071984,32249600,3.528,186.349,182.821,44100,2,16,
th20,15,15,二枚貝の上のハルシネーション,th20_18.wav,musiccmt,360071984,362464,31570240,360434448,391642224,31207776,2.055,178.97,176.915,44100,2,16,
th20,16,16,不変の日常,th20_15.wav,musiccmt,391642224,3290976,8438912,394933200,400081136,5147936,18.656,47.84,29.183,44100,2,16,
th20,17,17,愛おしき日常,th20_14.wav,musiccmt,400081136,494528,12913664,400575664,412994800,12419136,2.803,73.207,70.403,44100,2,16,
th20,18,18,生と死のある世界へ,th20_16.wav,musiccmt,412994800,132224,10054800,413127024,423049600,9922576,0.75,57.0,56.25,44100,2,16,
th20,19,,プレイヤーズスコア,th128_08.wav,ini,423049600,1879240,6741184,424928840,429790784,4861944,10.653,38.215,27.562,44100,2,16,
